ticker,classification,reasoning,theme
COIN,core,"Coinbase is a cryptocurrency exchange and custodian, directly operating within the cryptocurrency and digital assets space, providing core services related to digital asset trading and security.","Cryptocurrency, Digital Assets, Mining & Blockchain Infrastructure"
CRCL,core,"Circle provides a network utility and application platform leveraging stablecoins and the internet financial system, directly aligning with the theme of cryptocurrency, digital assets, mining & blockchain infrastructure by offering a stablecoin and blockchain-based financial services platform.","Cryptocurrency, Digital Assets, Mining & Blockchain Infrastructure"
GEN,core,"The company explicitly mentions expansion into cryptocurrency mining and demonstrates investment in AI-powered fraud protection, indicating a direct involvement with cryptocurrency and blockchain technologies.","Cryptocurrency, Digital Assets, Mining & Blockchain Infrastructure"
RGLD,not_relevannt,"Royal Gold is a precious metals streaming management company, providing financing and management services to gold mining companies, not directly involved in cryptocurrency, digital assets, mining, or blockchain infrastructure.","Cryptocurrency, Digital Assets, Mining & Blockchain Infrastructure"
DJT,not_relevanant,"The company operates a social media platform, which is a user of digital assets and blockchain technology, but it is not directly involved in the core activities of cryptocurrency mining, blockchain infrastructure, or digital asset development.","Cryptocurrency, Digital Assets, Mining & Blockchain Infrastructure"
BLK,secondary,"BlackRock is a major asset manager with significant investment technology and blockchain investments, making it a key beneficiary of the digital assets and blockchain infrastructure theme.","Cryptocurrency, Digital Assets, Mining & Blockchain Infrastructure"
MSTR,core,"The company's core business is centered around cryptocurrency investment solutions, specifically providing exposure to Bitcoin through equity and fixed income instruments, alongside AI-powered data analytics tools for governance and actionable insights, directly aligning with the cryptocurrency and digital assets theme.","Cryptocurrency, Digital Assets, Mining & Blockchain Infrastructure"
XYZ,core,"Block's business model directly involves Bitcoin and cryptocurrency through its investments in companies like Coinbase, and its strategic diversification into the cryptocurrency space aligns with the investment theme.","Cryptocurrency, Digital Assets, Mining & Blockchain Infrastructure"
MA,secondary,"Mastercard is a key beneficiary of the digital payments ecosystem, particularly in the area of blockchain and cryptocurrency, through strategic partnerships and initiatives like crypto credentials and services.","Cryptocurrency, Digital Assets, Mining & Blockchain Infrastructure"
HLNE,not_relevanant,"Hamilton Lane is an investment advisory firm focused on private markets, with a growing focus on evergreen infrastructure and tokenization, but its core business is not directly in cryptocurrency, digital assets, mining, or blockchain infrastructure itself. It is a user of blockchain technology for fund accessibility, but not a core provider of the technology.","Cryptocurrency, Digital Assets, Mining & Blockchain Infrastructure"
BEN,not_relevanant,"Franklin Templeton is an asset management firm offering investment solutions across various asset classes, including ETFs and exploring blockchain and crypto, but it is not primarily focused on the cryptocurrency, digital assets, mining, or blockchain infrastructure theme itself.","Cryptocurrency, Digital Assets, Mining & Blockchain Infrastructure"
BAH,not_relevanant,"While Booz Allen Hamilton provides digital intelligence services, its core focus is on cybersecurity and government contracts, not the specific technologies or assets within the cryptocurrency, digital assets, mining, or blockchain infrastructure space.","Cryptocurrency, Digital Assets, Mining & Blockchain Infrastructure"
FIS,not_relevanant,"While FIS is investing in technologies like blockchain and AI, its core business is financial technology solutions for banks and businesses, which is a broader category than just cryptocurrency, digital assets, mining, or blockchain infrastructure. It is a user of blockchain technology, not a core provider.","Cryptocurrency, Digital Assets, Mining & Blockchain Infrastructure"
FCX,not_relevanant,"Freeport-McMoRan is a mining company that extracts copper and gold, which are commodities. It is a user of the technology related to mining and metals, not a core or secondary player in the cryptocurrency, digital assets, mining & blockchain infrastructure theme.","Cryptocurrency, Digital Assets, Mining & Blockchain Infrastructure"
NEM,not_relevanant,"Newmont is a gold mining company, which is a commodity, not directly related to cryptocurrency, digital assets, mining infrastructure, or blockchain technology.","Cryptocurrency, Digital Assets, Mining & Blockchain Infrastructure"
SCCO,not_relevanant,"Southern Copper is a base metals mining company, which is a user of blockchain infrastructure and digital assets, but not a core or secondary beneficiary of the cryptocurrency, digital assets, mining & blockchain infrastructure theme itself.","Cryptocurrency, Digital Assets, Mining & Blockchain Infrastructure"
AU,not_relevanant,"Angl gold Ashanti is a gold mining company, which is a commodity investing and natural resources business, not directly related to cryptocurrency, digital assets, mining infrastructure, or blockchain technology.","Cryptocurrency, Digital Assets, Mining & Blockchain Infrastructure"
EPAM,secondary,"EPAM provides digital transformation services, including AI and cloud computing, which are key enablers for the cryptocurrency, digital assets, mining, and blockchain infrastructure themes, but it is not directly involved in the core technologies themselves.","Cryptocurrency, Digital Assets, Mining & Blockchain Infrastructure"
BAM,not_relevanant,"Brookfield Asset Management focuses on renewable energy, infrastructure, and sustainable solutions, which are not directly related to cryptocurrency, digital assets, mining, or blockchain infrastructure. It is a user of these technologies, not a core or secondary beneficiary.","Cryptocurrency, Digital Assets, Mining & Blockchain Infrastructure"
CBOE,core,"CBOE Global Markets explicitly states its involvement in the digital assets market through its acquisition of EriX and Cboe Digital, positioning it as a key player in this space.","Cryptocurrency, Digital Assets, Mining & Blockchain Infrastructure"
HOOD,core,"Robinhood Markets directly offers commission-free trading in cryptocurrencies, making it a core player in the digital assets space.","Cryptocurrency, Digital Assets, Mining & Blockchain Infrastructure"
ICE,secondary,"ICE is a major player in the derivatives and digital assets market, providing infrastructure and services for trading and clearing digital assets, making it a key beneficiary of the growth in this space.","Cryptocurrency, Digital Assets, Mining & Blockchain Infrastructure"
BSY,not_relevannt,"Bently Systems provides software solutions for infrastructure, which is a user of technology, not a core or secondary player in the cryptocurrency, digital assets, mining & blockchain infrastructure theme.","Cryptocurrency, Digital Assets, Mining & Blockchain Infrastructure"
BK,not_relevannt,"BNY Mellon is a financial services company providing asset servicing, asset management, and wealth management solutions, not directly involved in cryptocurrency, digital assets, mining, or blockchain infrastructure.","Cryptocurrency, Digital Assets, Mining & Blockchain Infrastructure"
XEL,not_relevannt,"The company is a utility company focused on clean energy and grid modernization, which is related to energy infrastructure and grid modernization, but not directly to cryptocurrency, digital assets, mining, or blockchain infrastructure.","Cryptocurrency, Digital Assets, Mining & Blockchain Infrastructure"
AKAM,not_relevanant,"Akamai is a CDN provider, which is a component of cloud infrastructure and digital media, but not directly related to cryptocurrency, digital assets, mining, or blockchain infrastructure.","Cryptocurrency, Digital Assets, Mining & Blockchain Infrastructure"
SEIC,secondary,"SEI provides investment technology and wealth management platforms, which are key enablers for wealth creation and investment decision-making in the digital asset space, making them a secondary beneficiary.","Cryptocurrency, Digital Assets, Mining & Blockchain Infrastructure"
NET,not_relevannt,"Cloudflare provides cloud computing and cybersecurity services, which are infrastructure services, but not directly related to cryptocurrency, digital assets, mining, or blockchain infrastructure.","Cryptocurrency, Digital Assets, Mining & Blockchain Infrastructure"
MP,core,"MP Materials directly produces rare earth metals used in electric vehicle magnets, positioning it as a key player in the EV magnet market and the broader EV supply chain, aligning with the cryptocurrency, digital assets, mining & blockchain infrastructure theme.","Cryptocurrency, Digital Assets, Mining & Blockchain Infrastructure"
IBKR,not_relevanant,"IBKR is a brokerage firm providing financial services, not directly involved in the technology or infrastructure related to cryptocurrencies, digital assets, mining, or blockchain.","Cryptocurrency, Digital Assets, Mining & Blockchain Infrastructure"
Q,core,"Qnity Electronics provides materials and solutions for advanced computing, AI, and various electronic applications, directly aligning with the theme of Quantum Computing, Next-Gen Computing & Advanced Semiconductors.","Quantum Computing, Next-Gen Computing & Advanced Semiconductors"
LSCC,core,"Lattice Semiconductor's core business is the design and manufacturing of FPGAs, a key component in next-gen computing and advanced semiconductor applications, particularly in power-constrained devices like IoT and automotive.","Quantum Computing, Next-Gen Computing & Advanced Semiconductors"
ONTO,core,"Onto Innovation's core business is providing process and process control equipment and software for semiconductor manufacturing, directly aligning with the theme of Quantum Computing, Next-Gen Computing & Advanced Semiconductors.","Quantum Computing, Next-Gen Computing & Advanced Semiconductors"
AMAT,core,"Applied Materials is a major supplier of semiconductor equipment, directly providing tools for chip manufacturing, which is central to the quantum computing, next-gen computing, and advanced semiconductor themes.","Quantum Computing, Next-Gen Computing & Advanced Semiconductors"
GOOG,core,"Alphabet Inc. has significant investment in quantum computing (Willow chip) and AI, positioning it as a key player in the quantum computing and next-gen computing space.","Quantum Computing, Next-Gen Computing & Advanced Semiconductors"
LRCX,core,"Lam Research is a leading supplier of wafer fabrication equipment, which is a critical component of the semiconductor industry, directly aligning with the theme of Next-Gen Computing & Advanced Semiconductors.","Quantum Computing, Next-Gen Computing & Advanced Semiconductors"
AMD,core,"AMD's core business is designing and manufacturing CPUs and GPUs, which are fundamental components in quantum computing, next-gen computing, and advanced semiconductors.","Quantum Computing, Next-Gen Computing & Advanced Semiconductors"
ON,core,"ON Semiconductor's core business is semiconductor manufacturing, directly aligning with the theme of Next-Gen Computing & Advanced Semiconductors.","Quantum Computing, Next-Gen Computing & Advanced Semiconductors"
INTC,core,"Intel is a leading semiconductor manufacturer with a core business focused on designing and manufacturing computing solutions, including CPUs, which directly aligns with the theme of Next-Gen Computing & Advanced Semiconductors.","Quantum Computing, Next-Gen Computing & Advanced Semiconductors"
IBM,core,"IBM's business is directly focused on quantum computing, with a strong history and current leadership in this area, alongside significant investments in AI and related technologies.","Quantum Computing, Next-Gen Computing & Advanced Semiconductors"
ENTG,core,"The company's business is directly focused on the semiconductor industry, providing specialty materials and solutions crucial for chip manufacturing, which is a core component of next-gen computing and advanced semiconductors.","Quantum Computing, Next-Gen Computing & Advanced Semiconductors"
AMKR,core,"Amkor Technology provides semiconductor packaging and test services, which is a core component of the semiconductor industry, aligning directly with the investment theme.","Quantum Computing, Next-Gen Computing & Advanced Semiconductors"
ALAB,core,"Astera Labs is a semiconductor manufacturer specifically focused on high-speed connectivity solutions for data centers and AI infrastructure, directly aligning with the quantum computing, next-gen computing, and advanced semiconductors theme.","Quantum Computing, Next-Gen Computing & Advanced Semiconductors"
NVDA,core,"NVIDIA's core business is the design of GPUs and AI hardware, directly fueling advancements in AI, gaming, data centers, and autonomous vehicles, making it a leading provider of the computing power in the quantum computing, next-gen computing, and advanced semiconductor space.","Quantum Computing, Next-Gen Computing & Advanced Semiconductors"
AVGO,core,"Broadcom's core business is in semiconductors and infrastructure software, with a strategic focus on AI chips and data center solutions, directly aligning with the investment theme.","Quantum Computing, Next-Gen Computing & Advanced Semiconductors"
MU,core,"Micron Technology Inc. is a semiconductor company specializing in computer memory and data storage solutions, directly aligning with the theme of Next-Gen Computing & Advanced Semiconductors.","Quantum Computing, Next-Gen Computing & Advanced Semiconductors"
SWKS,core,"Swikworks Solutions is a semiconductor company specializing in RF chips, directly aligning with the theme of Next-Gen Computing & Advanced Semiconductors.","Quantum Computing, Next-Gen Computing & Advanced Semiconductors"
CDNS,core,"Cadence Design Systems' core business is providing software and hardware for chip design, system-level verification, and electronic design automation (EDA), which directly relates to the next-gen computing and advanced semiconductor industries.","Quantum Computing, Next-Gen Computing & Advanced Semiconductors"
KLAC,core,"KLA Corporation is a leading manufacturer of wafer fab equipment, process control, and yield management systems for the semiconductor industry, directly aligning with the core of quantum computing, next-gen computing, and advanced semiconductors.","Quantum Computing, Next-Gen Computing & Advanced Semiconductors"
MKSI,core,"MKS Inc. provides foundational technology solutions for semiconductor manufacturing, electronics, and specialty industrial applications, directly aligning with the theme of Quantum Computing, Next-Gen Computing & Advanced Semiconductors.","Quantum Computing, Next-Gen Computing & Advanced Semiconductors"
GFS,core,"GlobalFoundries is a semiconductor foundry, directly involved in the manufacturing of advanced semiconductors, which is a core component of the Quantum Computing, Next-Gen Computing & Advanced Semiconductors theme.","Quantum Computing, Next-Gen Computing & Advanced Semiconductors"
COHR,core,"The company's core technology and business are centered around precision photonics and laser solutions, which are key enablers for advanced manufacturing, industrial automation, and scientific research â€“ all within the quantum computing, next-gen computing, and advanced semiconductors theme.","Quantum Computing, Next-Gen Computing & Advanced Semiconductors"
LITE,core,"LumenTium Holdings provides advanced laser and photonic technology, which is a key enabling technology for quantum computing, next-gen computing, and advanced semiconductors, particularly in areas like AI/ML infrastructure and semiconductor manufacturing.","Quantum Computing, Next-Gen Computing & Advanced Semiconductors"
CGNX,core,"Cognex's core business is the design and manufacturing of machine vision systems and software, which are directly related to advanced manufacturing and automation, aligning with the Quantum Computing, Next-Gen Computing & Advanced Semiconductors theme.","Quantum Computing, Next-Gen Computing & Advanced Semiconductors"
NET,not_relevannt,"Cloudflare is a cloud computing and cybersecurity company providing infrastructure services, not directly involved in quantum computing, next-gen computing, or advanced semiconductors.","Quantum Computing, Next-Gen Computing & Advanced Semiconductors"
ADI,core,"Analog Devices is a semiconductor company focused on analog and digital signal processing technologies, which are core to quantum computing, next-gen computing, and advanced semiconductors.","Quantum Computing, Next-Gen Computing & Advanced Semiconductors"
QCOM,core,"Qualcomm's core business is designing and licensing semiconductor products, particularly system-on-chip (SoC) solutions, for smartphones, tablets, and automotive applications, with a strategic focus on AI, 5G, and automotive markets, aligning with the investment theme.","Quantum Computing, Next-Gen Computing & Advanced Semiconductors"
MKC,not_relevanant,"While McCormick & Co is pivoting towards the semiconductor industry, its core business is food products, making it a user of semiconductor technology rather than a core or secondary player in the quantum computing, next-gen computing, or advanced semiconductors theme.","Quantum Computing, Next-Gen Computing & Advanced Semiconductors"
SMCI,core,"Supermicro is a leading provider of high-performance servers, storage, and related software solutions, directly serving the data center, cloud computing, AI, and 5G markets, which are all key areas within quantum computing, next-gen computing, and advanced semiconductors.","Quantum Computing, Next-Gen Computing & Advanced Semiconductors"
NOC,core,"Northrop Grumman's core business is aerospace and defense technology, which directly aligns with the theme of next-gen computing and advanced semiconductors, particularly in areas like space technology, advanced military systems, and cybersecurity.","Quantum Computing, Next-Gen Computing & Advanced Semiconductors"
AUR,core,"Aurora Innovation's core business is the development of self-driving technology for commercial vehicles, directly aligning with the robotics, automation, and autonomous vehicles theme.","Robotics, Automation, Autonomous Vehicles & Industrial AI Systems"
PATH,core,"UiPath is a leading provider of Robotic Process Automation (RPA) platforms, directly providing a core technology within the robotics, automation, and industrial AI systems space.","Robotics, Automation, Autonomous Vehicles & Industrial AI Systems"
APTV,core,"APTV's core business is the development and manufacturing of critical systems for autonomous driving, electric vehicles, and connected car technology, directly aligning with the robotics, automation, autonomous vehicles, and industrial AI systems theme.","Robotics, Automation, Autonomous Vehicles & Industrial AI Systems"
ZBRA,core,"Zebra Technologies' core business is in data capture solutions, including machine vision, RFID, and automation, which directly aligns with robotics, automation, and industrial AI systems.","Robotics, Automation, Autonomous Vehicles & Industrial AI Systems"
NVDA,core,"NVIDIA's core business is the design of GPUs and AI hardware, directly fueling advancements in artificial intelligence, autonomous vehicles, and robotics.","Robotics, Automation, Autonomous Vehicles & Industrial AI Systems"
ALGM,core,"Allegro Microsystems' core business revolves around designing, developing, and manufacturing sensor-integrated circuits (ICs) and power ICs specifically for motion control and energy-efficient systems, with a strong focus on the automotive and industrial markets, aligning directly with the robotics, automation, and industrial AI theme.","Robotics, Automation, Autonomous Vehicles & Industrial AI Systems"
ST,core,"SensaTech's core business is centered around sensor-based solutions for the automotive, industrial, and energy sectors, with a strong focus on electric vehicles and autonomous driving, directly aligning with the robotics, automation, and autonomous vehicles theme.","Robotics, Automation, Autonomous Vehicles & Industrial AI Systems"
SNPS,core,"Synopsys' core business is Electronic Design Automation (EDA) software and services, which heavily leverages AI for chip design automation, placing it directly within the robotics, automation, and AI systems theme.","Robotics, Automation, Autonomous Vehicles & Industrial AI Systems"
CTSH,core,"Cognizant's business is directly focused on AI-led automation and business process outsourcing, which are key components of robotics, automation, and industrial AI systems.","Robotics, Automation, Autonomous Vehicles & Industrial AI Systems"
CGNX,core,"Cognex is a leading manufacturer of machine vision systems and software, directly enabling automated inspection, defect detection, and assembly guidance, which are core components of robotics, automation, and industrial AI systems.","Robotics, Automation, Autonomous Vehicles & Industrial AI Systems"
GM,not_relevanant,"General Motors is a global automotive manufacturer, primarily focused on producing vehicles, including electric vehicles. While they are investing in EV technology and autonomous driving, they are a user of the technology rather than a core provider or enabler in the robotics, automation, autonomous vehicles, and industrial AI systems theme.","Robotics, Automation, Autonomous Vehicles & Industrial AI Systems"
GGG,core,"The company explicitly mentions 'Graco Robotics, Inc. (GRI)' and its proactive approach to integrating automation into fluid handling systems, indicating a direct involvement in the robotics market.","Robotics, Automation, Autonomous Vehicles & Industrial AI Systems"
TER,core,"TeraDyne's core business is the design and manufacture of automated test equipment for the semiconductor and electronics industries, directly addressing a critical bottleneck in high-volume production, which is central to robotics, automation, and autonomous vehicles.","Robotics, Automation, Autonomous Vehicles & Industrial AI Systems"
LCID,core,"Lucid Group is an electric vehicle manufacturer focused on advanced automotive technology, including autonomous driving and battery technology, directly aligning with the robotics, automation, and autonomous vehicles theme.","Robotics, Automation, Autonomous Vehicles & Industrial AI Systems"
OSK,secondary,"The company is strategically expanding into autonomous vehicles and access equipment, indicating a key beneficiary of the robotics, automation, and industrial AI systems theme.","Robotics, Automation, Autonomous Vehicles & Industrial AI Systems"
F,core,"Ford Motor Company's strategic focus on electrification, autonomous driving, and connected vehicle technologies, along with significant investment in these areas, directly aligns with the robotics, automation, autonomous vehicles, and industrial AI systems investment theme.","Robotics, Automation, Autonomous Vehicles & Industrial AI Systems"
PEGA,core,"Pega Systems specializes in workflow automation and generative AI-powered decision-making, directly aligning with the theme of Robotics, Automation, Autonomous Vehicles & Industrial AI Systems.","Robotics, Automation, Autonomous Vehicles & Industrial AI Systems"
ALSN,not_relevannt,"Allison Transmission Holdings Inc. is a manufacturer of commercial transmissions and hybrid propulsion systems, primarily serving the automotive and commercial vehicle industries. While they are involved in hybrid technology, their core business is not focused on robotics, autonomous vehicles, or industrial AI systems.","Robotics, Automation, Autonomous Vehicles & Industrial AI Systems"
PSN,core,"Parsons Corp is actively pivoting towards emerging technologies like AI/ML, cloud, and transportation networks, with a strong focus on automation and infrastructure solutions, indicating a direct alignment with the robotics, automation, and industrial AI theme.","Robotics, Automation, Autonomous Vehicles & Industrial AI Systems"
LEA,core,"Lear Corporation's acquisition of InTouch Automation and development of innovative products like the Solid State Smart Junction Box (S3JB) directly indicate a commitment to advanced automotive technologies and Industry 4.0 integration, aligning with the Robotics, Automation, Autonomous Vehicles & Industrial AI Systems theme.","Robotics, Automation, Autonomous Vehicles & Industrial AI Systems"
GOOG,not_relevanant,"Alphabet Inc. is a technology company with a diverse portfolio, including cloud computing, search, and advertising, but its core business is not directly focused on robotics, automation, autonomous vehicles, or industrial AI systems. It is a user of technology, not a provider or enabler within the specified theme.","Robotics, Automation, Autonomous Vehicles & Industrial AI Systems"
EMR,core,"Emerson Electric's core business is industrial automation and control systems, with a strong focus on digital transformation and automation technology development, aligning directly with the robotics, automation, and industrial AI theme.","Robotics, Automation, Autonomous Vehicles & Industrial AI Systems"
AN,core,"The company has strategic investments in autonomous vehicle support through a partnership with Waymo, directly aligning with the robotics, automation, and autonomous vehicles theme.","Robotics, Automation, Autonomous Vehicles & Industrial AI Systems"
TRMB,core,"Trimble's strategic focus on agriculture, robotics and automation partnerships, and integration with automation solutions directly align with the robotics, automation, autonomous vehicles, and industrial AI systems theme.","Robotics, Automation, Autonomous Vehicles & Industrial AI Systems"
CDNS,core,"Cadence Design Systems provides software and hardware for chip design, system-level verification, and electronic design automation (EDA), which are core technologies within the robotics, automation, autonomous vehicles, and industrial AI systems theme.","Robotics, Automation, Autonomous Vehicles & Industrial AI Systems"
ISRG,core,"Intuitive Surgical is a developer and manufacturer of robotic surgical systems, directly aligning with the robotics and automation theme.","Robotics, Automation, Autonomous Vehicles & Industrial AI Systems"
RRX,core,"Regal Rexnord's business focuses on power transmission and industrial motion technologies, which are directly related to automation and robotics applications.","Robotics, Automation, Autonomous Vehicles & Industrial AI Systems"
RIVN,core,"Rivian is an electric vehicle manufacturer with a strong focus on advanced technology, off-road capabilities, and strategic partnerships, directly aligning with the robotics, automation, autonomous vehicles, and industrial AI systems theme.","Robotics, Automation, Autonomous Vehicles & Industrial AI Systems"
JCI,core,"The company has a strategic pivot towards data center cooling and building automation, with an acquisition in this area and a partnership with an autonomous robotics company, indicating a focus on technology-driven solutions within its building technologies business.","Robotics, Automation, Autonomous Vehicles & Industrial AI Systems"
TSLA,core,"Tesla's core business is electric vehicles and energy solutions, with significant investments in autonomous driving, battery technology, and AI, directly aligning with the robotics, automation, and autonomous vehicles theme.","Robotics, Automation, Autonomous Vehicles & Industrial AI Systems"
PANW,core,"Palo Alto Networks' core business is providing cybersecurity platforms, including AI-powered security solutions, which directly aligns with the investment theme.",AI-Powered Cybersecurity & Network Security Platforms
CRWD,core,"The company's primary business is cloud-based threat intelligence and incident response, leveraging AI and machine learning for cybersecurity, directly aligning with the investment theme.",AI-Powered Cybersecurity & Network Security Platforms
FFIV,core,"F5 Networks provides application delivery and security solutions, with a strong focus on AI, cloud-native technologies, and security for hybrid and multi-cloud environments, aligning directly with the investment theme.",AI-Powered Cybersecurity & Network Security Platforms
ZS,core,"ZScaler's business is directly focused on providing cloud security solutions, leveraging AI for threat detection and prevention, which aligns with the theme of AI-Powered Cybersecurity & Network Security Platforms.",AI-Powered Cybersecurity & Network Security Platforms
FTNT,core,"The business description explicitly states that Fortinet provides a broad range of network security products and services, focusing on a comprehensive security fabric architecture, which is directly related to AI-powered cybersecurity and network security platforms.",AI-Powered Cybersecurity & Network Security Platforms
AKAM,core,"Akamai provides a platform for content delivery, security, and intelligent platform services, directly aligning with the theme of AI-powered cybersecurity and network security platforms.",AI-Powered Cybersecurity & Network Security Platforms
GEN,core,"The company's business is directly focused on cybersecurity, providing security software and services, and is actively investing in AI-powered fraud protection and cryptocurrency mining, aligning with the theme.",AI-Powered Cybersecurity & Network Security Platforms
ZM,not_relevanant,"Zoom Communications provides video conferencing solutions, which is a communication technology platform, not directly related to AI-powered cybersecurity and network security platforms.",AI-Powered Cybersecurity & Network Security Platforms
CSCO,core,"Cisco's business is fundamentally centered around networking hardware, software, and services, with a strong focus on security and cloud technologies, aligning with the AI-powered cybersecurity and network security platforms theme.",AI-Powered Cybersecurity & Network Security Platforms
AXON,core,"The company is strategically pivoting towards AI-powered public safety tools, leveraging its AI capabilities for police report writing and evidence management, making AI a core part of its business.",AI-Powered Cybersecurity & Network Security Platforms
SAIL,core,"SailPoint's business is directly related to identity security solutions, which is a core component of cybersecurity and network security platforms.",AI-Powered Cybersecurity & Network Security Platforms
NET,core,"Cloudflare provides a wide range of cloud computing and cybersecurity services, including CDN, web security, and DDoS protection, directly aligning with the theme of AI-Powered Cybersecurity & Network Security Platforms.",AI-Powered Cybersecurity & Network Security Platforms
MSI,core,"The company's business description explicitly mentions a growing focus on AI and data analytics, along with strategic acquisitions in cybersecurity and connected devices, indicating a direct involvement in AI-powered cybersecurity and network security platforms.",AI-Powered Cybersecurity & Network Security Platforms
ESTC,core,"Elastic's core business is providing observability and security solutions, with a strong focus on AI/ML integration and strategic acquisitions in the cybersecurity and cloud computing space, directly aligning with the investment theme.",AI-Powered Cybersecurity & Network Security Platforms
CACI,core,"CACI's core business is providing cybersecurity solutions to the U.S. government and international customers, with a focus on threat intelligence and national security, and has a technological advantage with platforms like DarkBlue.",AI-Powered Cybersecurity & Network Security Platforms
PEGA,core,"Pega Systems' business is centered around workflow automation and generative AI-powered decision-making, with a strong focus on AI integration and cloud platforms, directly aligning with the AI-Powered Cybersecurity & Network Security Platforms theme.",AI-Powered Cybersecurity & Network Security Platforms
BAH,core,"Booz Allen Hamilton's core business is providing cybersecurity services to the U.S. government, leveraging digital intelligence and data mining, which directly aligns with the AI-powered cybersecurity theme.",AI-Powered Cybersecurity & Network Security Platforms
GDDY,core,"GoDaddy's strategic pivot to AI with GoDaddy Airo indicates a direct focus on leveraging AI for cybersecurity and network security, aligning with the investment theme.",AI-Powered Cybersecurity & Network Security Platforms
UI,core,"Ubiquiti Inc. provides networking solutions, including cloud-based management platforms, which are directly related to network security and infrastructure, aligning with the AI-powered cybersecurity theme.",AI-Powered Cybersecurity & Network Security Platforms
PLTR,core,"Palo Alto Networks provides software platforms for data integration, analysis, and decision support, with a strong focus on AI and machine learning for data insights, directly aligning with the AI-Powered Cybersecurity & Network Security Platforms theme.",AI-Powered Cybersecurity & Network Security Platforms
PSN,core,"Parsons Corp is actively pivoting towards AI/ML and cloud solutions, with a strong focus on cybersecurity and critical infrastructure, aligning with the AI-powered cybersecurity and network security platforms theme.",AI-Powered Cybersecurity & Network Security Platforms
CRM,core,"Salesforce's strategic direction and competitive moats explicitly highlight its focus on AI (Einstein), cloud solutions, and customer success platforms, indicating its primary business is in the AI-powered cybersecurity and network security platform space.",AI-Powered Cybersecurity & Network Security Platforms
TEM,core,"The company's business is explicitly stated as leveraging AI and machine learning for healthcare, focusing on personalized medicine and data analytics, which directly aligns with the AI-powered cybersecurity and network security platform theme.",AI-Powered Cybersecurity & Network Security Platforms
PATH,core,"UiPath's core business is Robotic Process Automation (RPA) with a strong focus on integrating AI, making it directly relevant to AI-Powered Cybersecurity & Network Security Platforms.",AI-Powered Cybersecurity & Network Security Platforms
CXT,core,"Crane NXT's business is directly focused on providing technology solutions for securing, detecting, and authenticating assets, which aligns with the AI-powered cybersecurity and network security platforms theme.",AI-Powered Cybersecurity & Network Security Platforms
IRM,core,"Iron Mountain's core business is providing secure data storage, backup, and disaster recovery solutions, which directly aligns with the theme of AI-Powered Cybersecurity & Network Security Platforms.",AI-Powered Cybersecurity & Network Security Platforms
DOX,core,"Amdocs is actively developing AI-powered solutions (amAIz) and expanding its capabilities in cloud technologies and AI through acquisitions, directly aligning with the theme of AI-Powered Cybersecurity & Network Security Platforms.",AI-Powered Cybersecurity & Network Security Platforms
TRU,core,"The company explicitly leverages AI and data analytics for credit risk assessment and fraud prevention, which is central to the AI-powered cybersecurity and network security platform theme.",AI-Powered Cybersecurity & Network Security Platforms
DT,core,"DynaTrace's core business is an observability platform leveraging AI for comprehensive monitoring and security across multi-cloud environments, directly aligning with the AI-powered cybersecurity and network security platforms theme.",AI-Powered Cybersecurity & Network Security Platforms
ORCL,core,"Oracle is strategically expanding its presence in AI and cloud infrastructure, with a strong reputation for data security, aligning with the theme of AI-Powered Cybersecurity & Network Security Platforms.",AI-Powered Cybersecurity & Network Security Platforms
FI,core,"Fiserv's core business is providing financial technology and payment processing services to financial institutions and retailers, directly aligning with the Digital Finance, Payments, Neobanks & Fintech Infrastructure theme.","Digital Finance, Payments, Neobanks & Fintech Infrastructure"
EEFT,core,"EuroNet Worldwide is a global payment services provider offering a comprehensive suite of solutions including payment software, money transfer services, and financial infrastructure, directly aligning with the Digital Finance, Payments, Neobanks & Fintech Infrastructure theme.","Digital Finance, Payments, Neobanks & Fintech Infrastructure"
WU,core,"Western Union's core business is money transfer services, which directly aligns with the Digital Finance, Payments, Neobanks & Fintech Infrastructure theme.","Digital Finance, Payments, Neobanks & Fintech Infrastructure"
FIS,core,"FIS provides financial technology solutions, including payment processing, banking, and risk management, directly aligning with the Digital Finance, Payments, Neobanks & Fintech Infrastructure theme.","Digital Finance, Payments, Neobanks & Fintech Infrastructure"
V,core,"Visa is a global leader in digital payments, providing the infrastructure and products for various payment methods, directly aligning with the Digital Finance, Payments, Neobanks & Fintech Infrastructure theme.","Digital Finance, Payments, Neobanks & Fintech Infrastructure"
PYPL,core,"PayPal's core business is providing online payments and digital wallets, directly aligning with the Digital Finance, Payments, Neobanks & Fintech Infrastructure theme.","Digital Finance, Payments, Neobanks & Fintech Infrastructure"
FOUR,core,"Shift4 Payments directly provides payment processing solutions, hardware, software, and business intelligence, aligning with the Digital Finance, Payments, Neobanks & Fintech Infrastructure theme.","Digital Finance, Payments, Neobanks & Fintech Infrastructure"
NCNO,core,"NCINO provides cloud-based banking software and core banking platforms, directly serving the digital finance and fintech industry with solutions for financial institutions.","Digital Finance, Payments, Neobanks & Fintech Infrastructure"
SOFI,core,"SoFi is a leading fintech company offering a comprehensive suite of financial products and services, directly aligning with the digital finance, payments, neobanks, and fintech infrastructure theme.","Digital Finance, Payments, Neobanks & Fintech Infrastructure"
CRCL,core,"Circle provides a network utility and application platform leveraging stablecoins and the internet financial system, directly aligning with the Digital Finance, Payments, Neobanks & Fintech Infrastructure theme.","Digital Finance, Payments, Neobanks & Fintech Infrastructure"
MA,core,"Mastercard's core business is providing payment technology and infrastructure, facilitating financial transactions globally, which directly aligns with the Digital Finance, Payments, Neobanks & Fintech Infrastructure theme.","Digital Finance, Payments, Neobanks & Fintech Infrastructure"
JKHY,core,"Jack Henry & Associates provides financial technology solutions specifically for community banks and credit unions, directly aligning with the digital finance, payments, and fintech infrastructure theme.","Digital Finance, Payments, Neobanks & Fintech Infrastructure"
XYZ,core,"Block's core business is providing payment solutions and financial services, encompassing platforms like Square and Cash App, directly aligning with the Digital Finance, Payments, Neobanks & Fintech Infrastructure theme.","Digital Finance, Payments, Neobanks & Fintech Infrastructure"
GPN,core,"Global Payments provides payment technology and services to merchants and financial institutions, directly operating within the digital finance and payments industry.","Digital Finance, Payments, Neobanks & Fintech Infrastructure"
NU,core,"Nubank is a digital financial services company providing banking solutions, directly aligning with the Digital Finance, Payments, Neobanks & Fintech Infrastructure theme.","Digital Finance, Payments, Neobanks & Fintech Infrastructure"
SYF,core,"Synchrony Financial's core business is consumer lending, digital lending, and payment solutions, directly aligning with the Digital Finance, Payments, Neobanks & Fintech Infrastructure theme.","Digital Finance, Payments, Neobanks & Fintech Infrastructure"
COIN,core,"Coinbase is a cryptocurrency exchange and custodian, directly operating within the digital finance and payments space, providing core infrastructure for digital assets.","Digital Finance, Payments, Neobanks & Fintech Infrastructure"
BR,core,"Broadriidge Financial Solutions provides financial document solutions, wealth management platforms, and trading platforms, all of which directly fall under the Digital Finance, Payments, Neobanks & Fintech Infrastructure theme.","Digital Finance, Payments, Neobanks & Fintech Infrastructure"
JPM,core,"JPMorgan Chase's business is fundamentally in financial services, with a strong focus on digital transformation, AI, and sustainable finance, aligning directly with the Digital Finance, Payments, Neobanks & Fintech Infrastructure theme.","Digital Finance, Payments, Neobanks & Fintech Infrastructure"
PNC,core,"PNC Financial Services Group is a major US bank offering a comprehensive suite of financial services, including retail banking, wealth management, and lending, and is actively investing in fintech and exploring new technologies like instant payments and mobile banking, indicating a direct involvement in the digital finance space.","Digital Finance, Payments, Neobanks & Fintech Infrastructure"
SSNC,core,"SS&C Technologies provides software and software-as-a-service solutions specifically for the financial services industry, including fintech markets, wealth management, and investment management technology, making it a core player in digital finance and fintech infrastructure.","Digital Finance, Payments, Neobanks & Fintech Infrastructure"
FITB,core,"Fifth Third Bancorp is a regional bank with a significant focus on digital banking and fintech partnerships, indicating a direct involvement in the digital finance and payments space.","Digital Finance, Payments, Neobanks & Fintech Infrastructure"
BK,core,"BNY Mellon is a leading global financial services company with a strong focus on technology and innovation to enhance operational efficiency and expand its service offerings, directly aligning with the Digital Finance, Payments, Neobanks & Fintech Infrastructure theme.","Digital Finance, Payments, Neobanks & Fintech Infrastructure"
COLB,core,"Columbia Banking System offers a comprehensive suite of banking and wealth management services with a strong focus on digital and mobile banking, indicating its core business is directly related to digital finance and payments.","Digital Finance, Payments, Neobanks & Fintech Infrastructure"
RKT,core,"Rocket Companies, Inc. provides digital financial services, including consumer lending and mortgage lending, and has a robust digital platform ecosystem, aligning with the core of the Digital Finance, Payments, Neobanks & Fintech Infrastructure theme.","Digital Finance, Payments, Neobanks & Fintech Infrastructure"
WFC,not_relevanant,"Wells Fargo is a diversified financial services company, offering banking, investment, and wealth management, but its core business is not directly focused on digital finance, payments, neobanks, or fintech infrastructure. It is a user of technology within the broader financial services sector.","Digital Finance, Payments, Neobanks & Fintech Infrastructure"
CBSH,core,"Commerce Bancshares provides a comprehensive suite of financial services, including payment processing, which directly aligns with the Digital Finance, Payments, Neobanks & Fintech Infrastructure theme.","Digital Finance, Payments, Neobanks & Fintech Infrastructure"
CXT,core,"Crane NXT's core business is providing technology solutions for asset security, authentication, and payment innovations, directly aligning with the Digital Finance, Payments, Neobanks & Fintech Infrastructure theme.","Digital Finance, Payments, Neobanks & Fintech Infrastructure"
NET,core,"Cloudflare provides core infrastructure services like CDN, DNS, and DDoS protection, which are essential for digital finance, payments, neobanks, and fintech applications.","Digital Finance, Payments, Neobanks & Fintech Infrastructure"
AFRM,core,"Affirm's core business is providing Buy Now, Pay Later (BNPL) financing, which directly aligns with the Digital Finance, Payments, Neobanks & Fintech Infrastructure theme.","Digital Finance, Payments, Neobanks & Fintech Infrastructure"
META,core,"Meta Platforms' core business is the development and advancement of the metaverse, with significant investments in AR/VR technologies and AI platforms.","Metaverse, AR/VR, Gaming & Digital Reality Platforms"
RBLX,core,"Roblox is a leading online game platform where users create and play games, effectively operating as a virtual world and a key player in the gaming market, aligning directly with the Metaverse, AR/VR, and Gaming themes.","Metaverse, AR/VR, Gaming & Digital Reality Platforms"
U,core,"Unity Software's primary business is creating interactive 3D experiences, which is central to the Metaverse, AR/VR, and gaming platforms.","Metaverse, AR/VR, Gaming & Digital Reality Platforms"
HAS,core,"Hasbro's business is heavily focused on digital entertainment, gaming, and metaverse opportunities, with a strategic pivot towards digital and licensing, indicating a direct relevance to the theme.","Metaverse, AR/VR, Gaming & Digital Reality Platforms"
GME,not_relevanant,"GameStop is a retail chain specializing in video games, consoles, and related merchandise, primarily serving as a user of the gaming technology rather than a core provider or enabler within the metaverse, AR/VR, or digital reality platforms space.","Metaverse, AR/VR, Gaming & Digital Reality Platforms"
PTC,not_relevanant,"PTC's focus on Product Lifecycle Management (PLM) and Internet of Things (IoT) is related to digital transformation and manufacturing, but it does not directly align with the Metaverse, AR/VR, or Gaming & Digital Reality Platforms theme.","Metaverse, AR/VR, Gaming & Digital Reality Platforms"
LNW,not_relevannt,"Light & Wonder is a gaming technology provider, which is a user of the technology, not a core or secondary beneficiary of the Metaverse, AR/VR, Gaming & Digital Reality Platforms theme.","Metaverse, AR/VR, Gaming & Digital Reality Platforms"
IAC,core,"IAC is actively investing in AI-powered automation, metaverse expansion, and digital health solutions, indicating a direct focus on the metaverse, AR/VR, and gaming/digital reality platforms theme.","Metaverse, AR/VR, Gaming & Digital Reality Platforms"
APP,core,"AppLovin's core business is mobile gaming and advertising, directly aligning with the Metaverse, AR/VR, Gaming & Digital Reality Platforms theme.","Metaverse, AR/VR, Gaming & Digital Reality Platforms"
MSGS,not_relevanant,"While MSG Sports has digital platforms and is investing in technological innovation like MSG Sphere, its core business is sports teams and venues, which are not directly within the Metaverse, AR/VR, Gaming & Digital Reality Platforms theme.","Metaverse, AR/VR, Gaming & Digital Reality Platforms"
TTWO,core,"Take-Two Interactive is a video game publisher and developer, directly involved in the creation and distribution of video games, which falls under the Metaverse, AR/VR, and Gaming & Digital Reality Platforms theme.","Metaverse, AR/VR, Gaming & Digital Reality Platforms"
DV,not_relevannt,"The company provides digital advertising technology and data analytics solutions, which are tools used by advertisers and publishers, not a core component of the metaverse, AR/VR, or gaming platforms themselves.","Metaverse, AR/VR, Gaming & Digital Reality Platforms"
EA,core,"EA is a video game publisher and developer, directly involved in creating and publishing games, which is central to the Metaverse, AR/VR, and Gaming & Digital Reality Platforms theme.","Metaverse, AR/VR, Gaming & Digital Reality Platforms"
TTD,not_relevanant,"The Trade Desk is a digital advertising technology company, which is a component of the broader digital advertising space, not directly related to the Metaverse, AR/VR, Gaming, or Digital Reality Platforms theme.","Metaverse, AR/VR, Gaming & Digital Reality Platforms"
RKT,not_relevant,"Rocket Companies Inc. provides digital financial services, which is related to financial technology but not directly to the Metaverse, AR/VR, Gaming & Digital Reality Platforms theme.","Metaverse, AR/VR, Gaming & Digital Reality Platforms"
AKAM,not_relevanant,"Akamai is a CDN provider focused on content delivery, security, and intelligent platform services, which is a component of cloud infrastructure but not directly related to the Metaverse, AR/VR, Gaming, or Digital Reality Platforms theme.","Metaverse, AR/VR, Gaming & Digital Reality Platforms"
BYD,not_relevan,"Boyd Gaming is a casino and resort operator, which falls under the category of 'not_relevan' as it is a user of gaming technology rather than a core provider or enabler of the metaverse, AR/VR, or digital reality platforms.","Metaverse, AR/VR, Gaming & Digital Reality Platforms"
MAT,core,"The company is actively integrating technology into its products and platforms, including metaverse exploration (Barbie on Roblox), indicating a direct involvement in the Metaverse and digital reality space.","Metaverse, AR/VR, Gaming & Digital Reality Platforms"
PINS,core,"Pinterest's core business is a visual discovery platform heavily focused on user-generated content, visual search, and e-commerce, aligning directly with the Metaverse, AR/VR, and Gaming & Digital Reality Platforms theme.","Metaverse, AR/VR, Gaming & Digital Reality Platforms"
AAPL,core,"Apple's strategic direction explicitly mentions augmented reality (AR) and advanced materials as key areas of investment, indicating a direct focus on the Metaverse, AR/VR, and digital reality platforms.","Metaverse, AR/VR, Gaming & Digital Reality Platforms"
VEEV,core,"Veeva Systems provides cloud-based software specifically for the life sciences industry, focusing on data management, regulatory compliance, and supply chain visibility, which directly aligns with the Metaverse, AR/VR, Gaming & Digital Reality Platforms theme by enabling digital transformation and data-driven insights within a key industry.","Metaverse, AR/VR, Gaming & Digital Reality Platforms"
CZR,not_relevannt,"Caesars Entertainment is a casino and hotel operator, which is a user of digital gaming platforms and a provider of hospitality services, not a core or secondary beneficiary of the metaverse, AR/VR, or gaming platforms theme.","Metaverse, AR/VR, Gaming & Digital Reality Platforms"
ZM,not_relevanant,"Zoom Communications provides video conferencing and online meeting solutions, which are communication platforms, but not directly related to the Metaverse, AR/VR, Gaming, or Digital Reality platforms theme.","Metaverse, AR/VR, Gaming & Digital Reality Platforms"
PENN,not_relevanant,"While Penn Entertainment is diversifying into sports betting and digital media, its core business remains traditional casinos, which is not directly aligned with the Metaverse, AR/VR, Gaming & Digital Reality Platforms theme.","Metaverse, AR/VR, Gaming & Digital Reality Platforms"
ZBH,not_relevanant,"Zimmer Biomet is a medical device company focused on orthopedic implants and surgical instruments, not directly involved in the metaverse, AR/VR, gaming, or digital reality platforms.","Metaverse, AR/VR, Gaming & Digital Reality Platforms"
CHDN,core,"The company's business is directly related to the Metaverse, AR/VR, Gaming & Digital Reality Platforms, with a strong focus on online wagering and gaming platforms.","Metaverse, AR/VR, Gaming & Digital Reality Platforms"
GDDY,not_relevanant,"GoDaddy is a platform for businesses offering domain registration, website hosting, and digital marketing tools, primarily serving small businesses. While they are pivoting to AI, their core business is not directly related to the Metaverse, AR/VR, Gaming, or Digital Reality Platforms theme.","Metaverse, AR/VR, Gaming & Digital Reality Platforms"
ARES,not_relevanant,"Ares Management is an alternative asset manager with a diversified portfolio across various asset classes, including private equity, real estate, credit, and infrastructure, and is not directly focused on the Metaverse, AR/VR, Gaming, or Digital Reality platforms.","Metaverse, AR/VR, Gaming & Digital Reality Platforms"
RDDT,not_relevanant,"Reddit is a social media platform, which is a user of digital reality platforms and not a core, secondary, or not relevant company to the Metaverse, AR/VR, Gaming & Digital Reality Platforms theme.","Metaverse, AR/VR, Gaming & Digital Reality Platforms"
V,not_relevanant,"Visa is a payment services corporation, facilitating digital payments, which is a financial technology sector, not directly related to the Metaverse, AR/VR, or gaming platforms.","Metaverse, AR/VR, Gaming & Digital Reality Platforms"
PFE,core,"Pfizer's business is directly focused on research, development, manufacturing, and marketing of prescription medicines, vaccines, and consumer healthcare products, with a strong emphasis on innovation in areas like oncology, rare diseases, mRNA therapeutics, and AI-driven drug discovery, aligning with the investment theme.","Gene Editing, Synthetic Biology, AI Drug Discovery & Digital Health"
CAI,core,"CARIS Life Sciences directly provides molecular profiling services and develops AI-driven solutions for cancer treatment, aligning with the gene editing, synthetic biology, AI drug discovery, and digital health investment theme.","Gene Editing, Synthetic Biology, AI Drug Discovery & Digital Health"
SRPT,core,"Sarepta Therapeutics directly develops and commercializes gene therapies for rare neuromuscular diseases, making gene therapy development its core business.","Gene Editing, Synthetic Biology, AI Drug Discovery & Digital Health"
BIO,core,"Bio-Rad Laboratories develops and manufactures products used in life science research and clinical diagnostics, directly aligning with the gene editing, synthetic biology, AI drug discovery, and digital health themes.","Gene Editing, Synthetic Biology, AI Drug Discovery & Digital Health"
UTHR,core,"United Therapeutics' primary focus is on developing therapies for rare lung diseases and organ transplantation, which directly aligns with the gene editing, synthetic biology, AI drug discovery, and digital health investment theme.","Gene Editing, Synthetic Biology, AI Drug Discovery & Digital Health"
BMRN,core,"BioMarin is a biotechnology company focused on developing gene therapies for rare genetic disorders, directly aligning with the gene editing and synthetic biology themes.","Gene Editing, Synthetic Biology, AI Drug Discovery & Digital Health"
APLS,core,"APELLIS PHARMACEUTICALS INC's core business is focused on developing novel therapies for diseases, particularly those driven by the complement system, which directly aligns with the gene editing, synthetic biology, AI drug discovery & digital health investment theme.","Gene Editing, Synthetic Biology, AI Drug Discovery & Digital Health"
IONS,core,"Ionis Pharmaceuticals is a pharmaceutical company focused on developing therapeutics using antisense technology, directly aligning with the gene editing and synthetic biology themes.","Gene Editing, Synthetic Biology, AI Drug Discovery & Digital Health"
INSM,core,"Insmed is a biopharmaceutical company focused on developing novel therapies for rare and underserved diseases, with a strong pipeline in gene therapy and respiratory/inflammatory conditions, directly aligning with the gene editing, synthetic biology, AI drug discovery & digital health investment theme.","Gene Editing, Synthetic Biology, AI Drug Discovery & Digital Health"
RARE,core,"Ultragenyx is a pharmaceutical company with a focus on developing gene therapies for rare genetic diseases, directly aligning with the gene editing and synthetic biology investment theme.","Gene Editing, Synthetic Biology, AI Drug Discovery & Digital Health"
DHR,core,"Danaher Corporation's business includes cutting-edge technologies in gene editing, advanced microscopy, molecular diagnostics, and drug development, aligning with the gene editing, synthetic biology, AI drug discovery & digital health investment theme.","Gene Editing, Synthetic Biology, AI Drug Discovery & Digital Health"
CERT,core,"Certara's core business is providing technology-enabled solutions for drug discovery and development, directly aligning with the gene editing, synthetic biology, AI drug discovery, and digital health investment theme.","Gene Editing, Synthetic Biology, AI Drug Discovery & Digital Health"
CRL,core,"Charles River Laboratories is a Contract Research Organization (CRO) heavily involved in drug discovery and development, which directly aligns with the Gene Editing, Synthetic Biology, AI Drug Discovery & Digital Health investment theme.","Gene Editing, Synthetic Biology, AI Drug Discovery & Digital Health"
TMO,core,"Thermo Fisher Scientific's core business is in scientific research, development, and manufacturing, with a significant focus on life sciences, healthcare, and biotechnology, directly aligning with the gene editing, synthetic biology, AI drug discovery, and digital health themes.","Gene Editing, Synthetic Biology, AI Drug Discovery & Digital Health"
QGEN,core,"QIAGEN's core business is providing sample and molecular biology solutions, with a strong focus on molecular diagnostics and personalized medicine, aligning directly with the Gene Editing, Synthetic Biology, AI Drug Discovery & Digital Health investment theme.","Gene Editing, Synthetic Biology, AI Drug Discovery & Digital Health"
TEM,core,"The company's core business is focused on leveraging AI and machine learning to analyze medical data for personalized treatment recommendations, directly aligning with the Gene Editing, Synthetic Biology, AI Drug Discovery & Digital Health theme.","Gene Editing, Synthetic Biology, AI Drug Discovery & Digital Health"
REGN,core,"Regeneron Pharmaceuticals is a biotechnology company whose primary business is focused on developing innovative therapies for diseases, leveraging proprietary technologies like Trap and VelociSuite, directly aligning with the gene editing, synthetic biology, AI drug discovery, and digital health themes.","Gene Editing, Synthetic Biology, AI Drug Discovery & Digital Health"
NBIX,core,"Neurocrine Biosciences is a biopharmaceutical company focused on drug discovery, development, and commercialization, directly aligning with the gene editing, synthetic biology, AI drug discovery & digital health investment theme.","Gene Editing, Synthetic Biology, AI Drug Discovery & Digital Health"
AMGN,core,"Amgen is a biotechnology company focused on discovering, developing, and commercializing innovative therapeutics, which directly aligns with the gene editing, synthetic biology, AI drug discovery, and digital health investment theme.","Gene Editing, Synthetic Biology, AI Drug Discovery & Digital Health"
CLVT,core,"Clarivate's business model directly involves AI-driven solutions and digital health capabilities within the life sciences, particularly in drug development and patent analysis, making it a core player in the AI Drug Discovery & Digital Health theme.","Gene Editing, Synthetic Biology, AI Drug Discovery & Digital Health"
RVMD,core,"Revolution Medicines is a biopharmaceutical company whose core business is focused on developing targeted therapies for RAS-driven cancers, directly aligning with the gene editing, synthetic biology, AI drug discovery & digital health investment theme.","Gene Editing, Synthetic Biology, AI Drug Discovery & Digital Health"
LLY,core,"Eli Lilly's business is directly focused on drug discovery and development, with strategic partnerships leveraging AI and machine learning for therapeutic advancements, aligning with the gene editing, synthetic biology, AI drug discovery & digital health theme.","Gene Editing, Synthetic Biology, AI Drug Discovery & Digital Health"
RVTY,core,"Revvity's focus on reagents and e-commerce specifically serves the cell and gene therapy market, aligning directly with the gene editing, synthetic biology, AI drug discovery, and digital health investment theme.","Gene Editing, Synthetic Biology, AI Drug Discovery & Digital Health"
PODD,core,"Insulet develops insulin delivery systems, with a focus on AI-powered glucose monitoring and management, directly aligning with the gene editing, synthetic biology, AI drug discovery & digital health theme.","Gene Editing, Synthetic Biology, AI Drug Discovery & Digital Health"
OGN,core,"OrgaNon is a pharmaceutical company with a strong focus on therapeutic areas including cardiovascular, respiratory, and dermatology, and significant investment in R&D for new therapies, aligning with the gene editing, synthetic biology, AI drug discovery & digital health theme.","Gene Editing, Synthetic Biology, AI Drug Discovery & Digital Health"
INCY,core,"Incyte is a pharmaceutical company focused on discovering, developing, and commercializing therapies for cancer and inflammatory diseases, directly aligning with the gene editing, synthetic biology, AI drug discovery & digital health investment theme.","Gene Editing, Synthetic Biology, AI Drug Discovery & Digital Health"
GEHC,core,"GE HealthCare's business is directly focused on developing and delivering innovative healthcare solutions, with a strong emphasis on AI integration and strategic direction towards services revenue, aligning with the Gene Editing, Synthetic Biology, AI Drug Discovery & Digital Health theme.","Gene Editing, Synthetic Biology, AI Drug Discovery & Digital Health"
VRTX,core,"Vertex Pharmaceuticals is a biopharmaceutical company with a core business focused on developing and commercializing therapies for serious diseases, particularly cystic fibrosis, which directly aligns with the gene editing, synthetic biology, AI drug discovery, and digital health investment theme.","Gene Editing, Synthetic Biology, AI Drug Discovery & Digital Health"
ROIV,core,"Rovivant Sciences has strategically pivoted to focus on developing its own drug candidates and platform technologies, directly aligning with the gene editing, synthetic biology, AI drug discovery, and digital health investment theme.","Gene Editing, Synthetic Biology, AI Drug Discovery & Digital Health"
DOCS,core,"Doximity's core business is focused on healthcare technology, specifically providing tools and resources to physicians, which aligns with the gene editing, synthetic biology, AI drug discovery, and digital health investment theme.","Gene Editing, Synthetic Biology, AI Drug Discovery & Digital Health"
NOW,core,"ServiceNow's core business is a platform-as-a-service provider focused on workflow automation, with a strong emphasis on AI integration and generative AI capabilities, making it directly relevant to the AI Infrastructure, Chips, Generative AI Platforms & Enterprise Software theme.","AI Infrastructure, Chips, Generative AI Platforms & Enterprise Software"
NVDA,core,"NVIDIA's core business is the design of GPUs and AI hardware, directly fueling advancements in AI, gaming, data centers, and autonomous vehicles.","AI Infrastructure, Chips, Generative AI Platforms & Enterprise Software"
TEAM,core,"Atlassian is explicitly developing and integrating AI-powered tools into its existing collaboration software, positioning it as a key player in the AI infrastructure and enterprise software space.","AI Infrastructure, Chips, Generative AI Platforms & Enterprise Software"
SNPS,core,"Synopsys is a leading provider of EDA software and services, with a strong focus on leveraging AI to automate chip design workflows, directly aligning with the AI Infrastructure, Chips, Generative AI Platforms & Enterprise Software theme.","AI Infrastructure, Chips, Generative AI Platforms & Enterprise Software"
PEGA,core,"Pega Systems specializes in workflow automation and generative AI-powered decision-making, directly aligning with the AI Infrastructure, Chips, Generative AI Platforms & Enterprise Software theme.","AI Infrastructure, Chips, Generative AI Platforms & Enterprise Software"
AXON,core,"The company is strategically pivoting towards AI-powered public safety tools, leveraging its strong market share in body-worn cameras and offering AI-driven report writing and evidence management solutions, indicating a direct focus on AI infrastructure and enterprise software within the public safety sector.","AI Infrastructure, Chips, Generative AI Platforms & Enterprise Software"
CDNS,core,"Cadence Design Systems provides software and hardware for chip design, system-level verification, and electronic design automation (EDA), which are core to the AI infrastructure and chips space.","AI Infrastructure, Chips, Generative AI Platforms & Enterprise Software"
SNOW,core,"Snowflake's core business is a cloud-based data warehousing and analytics platform, with a strong focus on data services and generative AI integration, positioning it directly within the AI infrastructure space.","AI Infrastructure, Chips, Generative AI Platforms & Enterprise Software"
GOOG,core,"Alphabet Inc. has significant investment in AI, generative AI (through Google DeepMind), and AI-powered drug discovery, positioning it as a key player in the AI infrastructure and enterprise software space.","AI Infrastructure, Chips, Generative AI Platforms & Enterprise Software"
EPAM,core,"EPAM explicitly mentions AI, cloud computing, and AI-driven innovation as key differentiators and strategic areas of focus, indicating its primary business is in the AI and digital transformation space.","AI Infrastructure, Chips, Generative AI Platforms & Enterprise Software"
U,core,"Unity Software's core business is developing platforms for creating interactive 3D experiences, with a growing focus on enterprise applications and leveraging AI/ML technologies, making it directly relevant to the AI Infrastructure, Chips, Generative AI Platforms & Enterprise Software theme.","AI Infrastructure, Chips, Generative AI Platforms & Enterprise Software"
AVGO,core,"Broadcom's business is centered around semiconductor and infrastructure software, with a strategic focus on AI chips and data center solutions, aligning with the investment theme.","AI Infrastructure, Chips, Generative AI Platforms & Enterprise Software"
RNG,core,"The company's business is centered around cloud-based communication and collaboration solutions, with a strong focus on AI-powered solutions like RingCX, AI Receptionist, and RingSense, directly aligning with the AI Infrastructure, Chips, Generative AI Platforms & Enterprise Software theme.","AI Infrastructure, Chips, Generative AI Platforms & Enterprise Software"
META,core,"Meta Platforms is explicitly investing heavily in AI, particularly generative AI (LLaMA 2), and specialized hardware/software (GPUs) to enhance its products and services, making it a core player in the AI infrastructure, generative AI platforms, and enterprise software space.","AI Infrastructure, Chips, Generative AI Platforms & Enterprise Software"
TWLO,not_relevant,"Twilio is a cloud communications platform, providing services for businesses, but it is not directly involved in the development of AI infrastructure, chips, generative AI platforms, or enterprise software. It serves as a user of communication technology, not a core provider in the specified theme.","AI Infrastructure, Chips, Generative AI Platforms & Enterprise Software"
CRM,core,"Salesforce's business is fundamentally built around cloud computing solutions, with a strong emphasis on AI (Einstein) and customer success platforms, making it a core player in the AI infrastructure space.","AI Infrastructure, Chips, Generative AI Platforms & Enterprise Software"
ZBRA,secondary,"Zebra Technologies is expanding into AI and cloud services, making it a key beneficiary of these technologies rather than a core provider of them.","AI Infrastructure, Chips, Generative AI Platforms & Enterprise Software"
CRWD,core,"CrowdStrike's core business is providing cloud-based threat intelligence and incident response, leveraging AI and machine learning for cybersecurity, which directly aligns with the AI Infrastructure, Chips, Generative AI Platforms & Enterprise Software theme.","AI Infrastructure, Chips, Generative AI Platforms & Enterprise Software"
PATH,core,"UiPath's core business is Robotic Process Automation (RPA), which is a key technology in AI infrastructure, chips, generative AI platforms, and enterprise software, specifically focusing on automation and integration with AI.","AI Infrastructure, Chips, Generative AI Platforms & Enterprise Software"
PCOR,core,"Procore Technologies is a SaaS provider integrating AI, particularly generative AI, into construction management software, positioning it directly within the AI Infrastructure, Chips, Generative AI Platforms & Enterprise Software theme.","AI Infrastructure, Chips, Generative AI Platforms & Enterprise Software"
DOX,core,"Amdocs is actively expanding its capabilities in AI and cloud technologies, with amAIz built on NVIDIA's AI foundry and running on Microsoft Azure, indicating a direct focus on AI infrastructure and generative AI platforms.","AI Infrastructure, Chips, Generative AI Platforms & Enterprise Software"
PSN,core,"Parsons Corp is actively pivoting towards AI/ML and cloud solutions, indicating a direct focus on AI infrastructure and related technologies, making it a core player in the theme.","AI Infrastructure, Chips, Generative AI Platforms & Enterprise Software"
FFIV,core,"F5 Networks provides application delivery and security solutions, with a strong focus on cloud-native technologies and AI-powered security, aligning with the AI Infrastructure, Chips, Generative AI Platforms & Enterprise Software theme.","AI Infrastructure, Chips, Generative AI Platforms & Enterprise Software"
FMC,core,"FMC Corporation is strategically focused on generative AI, leveraging a platform for innovation and growth, indicating a direct involvement in the AI space.","AI Infrastructure, Chips, Generative AI Platforms & Enterprise Software"
INTU,core,"Intuition's strategic investment in generative AI and its focus on AI-driven financial services align directly with the AI Infrastructure, Chips, Generative AI Platforms & Enterprise Software theme.","AI Infrastructure, Chips, Generative AI Platforms & Enterprise Software"
NTNX,core,"Nutanix is a leading provider of hyper-converged infrastructure software, directly addressing the core need for cloud infrastructure and enterprise software.","AI Infrastructure, Chips, Generative AI Platforms & Enterprise Software"
DUOL,core,"DuoLingo is actively pivoting to an AI-first development model and leveraging generative AI for new features like Super DuoLingo and DuoLingo Max, indicating a direct focus on AI technology and its application in education.","AI Infrastructure, Chips, Generative AI Platforms & Enterprise Software"
ORCL,core,"Oracle is strategically expanding its presence in AI, cloud infrastructure, and generative AI platforms, making it a key player in the AI infrastructure space.","AI Infrastructure, Chips, Generative AI Platforms & Enterprise Software"
DT,core,"DynaTrace's core business is an observability platform leveraging AI for application performance monitoring, directly aligning with the AI Infrastructure, Chips, Generative AI Platforms & Enterprise Software theme.","AI Infrastructure, Chips, Generative AI Platforms & Enterprise Software"
ALAB,core,"Astera Labs is a semiconductor manufacturer specifically focused on high-speed connectivity solutions for data centers and AI infrastructure, directly aligning with the AI Infrastructure theme.","AI Infrastructure, Chips, Generative AI Platforms & Enterprise Software"
DLR,core,"Digital Realty is a leading global data center provider, directly operating and providing the infrastructure for cloud computing and other data-intensive applications.","Cloud Computing, Data Centers, Hyperscalers & Network Infrastructure"
EQIX,core,"Equinix is a data center REIT, directly providing data center infrastructure and connectivity services, which is central to the cloud computing, data centers, hyperscale, and network infrastructure theme.","Cloud Computing, Data Centers, Hyperscalers & Network Infrastructure"
ANET,core,"Arista Networks specializes in data center networking solutions, particularly software-defined networking (SDN), which directly aligns with the theme of Cloud Computing, Data Centers, Hyperscaleers & Network Infrastructure.","Cloud Computing, Data Centers, Hyperscalers & Network Infrastructure"
AKAM,core,"Akamai provides a content delivery network (CDN) which is a key component of cloud infrastructure and data centers, offering global distributed data centers and proprietary software for content delivery, security, and intelligent platform services.","Cloud Computing, Data Centers, Hyperscalers & Network Infrastructure"
SMCI,core,"Supermicro's core business is the provision of high-performance servers, storage, and related software solutions specifically for data centers, cloud computing, AI, and 5G, directly aligning with the investment theme.","Cloud Computing, Data Centers, Hyperscalers & Network Infrastructure"
NET,core,"Cloudflare provides cloud computing and cybersecurity services, including content delivery networks, DNS, and DDoS protection, which are core components of the cloud infrastructure and network security space.","Cloud Computing, Data Centers, Hyperscalers & Network Infrastructure"
CSCO,core,"Cisco's business is fundamentally centered around networking hardware, software, and services, with a strategic focus on cloud-centric solutions and AI capabilities, aligning with the core theme of Cloud Computing, Data Centers, Hyperscalers & Network Infrastructure.","Cloud Computing, Data Centers, Hyperscalers & Network Infrastructure"
ORCL,core,"Oracle is a leading provider of cloud computing services, database software, and enterprise applications, with a strong focus on cloud infrastructure and AI, making it a core player in the cloud computing, data centers, hyperscalers, and network infrastructure theme.","Cloud Computing, Data Centers, Hyperscalers & Network Infrastructure"
HPE,core,"HPE's business is directly focused on providing computing, storage, networking, and cloud solutions, with a strong emphasis on cloud infrastructure and data center networking, making it a core player in the cloud computing space.","Cloud Computing, Data Centers, Hyperscalers & Network Infrastructure"
AVGO,core,"Broadcom's business is centered around infrastructure software, data center solutions, and networking equipment, directly aligning with the Cloud Computing, Data Centers, Hyperscaleers & Network Infrastructure theme.","Cloud Computing, Data Centers, Hyperscalers & Network Infrastructure"
KD,core,"Kyndryl Holdings Inc. provides IT services specializing in cloud, security, network, and data domains, leveraging partnerships with major cloud providers, directly aligning with the cloud computing, data centers, and network infrastructure theme.","Cloud Computing, Data Centers, Hyperscalers & Network Infrastructure"
NTNX,core,"Nutanix provides hyper-converged infrastructure software, enabling consistent cloud operating models and simplifying hybrid and multi-cloud environments, which directly aligns with the core business of cloud computing, data centers, hyperscalers, and network infrastructure.","Cloud Computing, Data Centers, Hyperscalers & Network Infrastructure"
INFA,core,"Informatica's business is centered around data integration, data management, and cloud computing integration, with a strategic transition towards a cloud-first model, positioning it as a core player in the cloud computing space.","Cloud Computing, Data Centers, Hyperscalers & Network Infrastructure"
DDOG,core,"DataDog's core business is providing an observability platform for cloud-scale applications, directly aligning with the theme of Cloud Computing, Data Centers, Hyperscaleers & Network Infrastructure.","Cloud Computing, Data Centers, Hyperscalers & Network Infrastructure"
IRM,core,"Iron Mountain's core business is providing secure data storage, backup, and disaster recovery solutions, which directly aligns with cloud computing, data centers, and network infrastructure needs.","Cloud Computing, Data Centers, Hyperscalers & Network Infrastructure"
NTAP,core,"NetApp's core business is providing data storage, cloud operations (CloudOps) solutions, and cloud integration, directly aligning with the Cloud Computing, Data Centers, Hyperscaleers & Network Infrastructure theme.","Cloud Computing, Data Centers, Hyperscalers & Network Infrastructure"
ALAB,core,"Astera Labs is a semiconductor manufacturer specifically focused on high-speed connectivity solutions for data centers and AI infrastructure, directly aligning with the cloud computing, data centers, and network infrastructure theme.","Cloud Computing, Data Centers, Hyperscalers & Network Infrastructure"
SNOW,core,"Snowflake is a cloud-based data warehousing and analytics platform, directly providing a core technology within the cloud computing space.","Cloud Computing, Data Centers, Hyperscalers & Network Infrastructure"
SNX,core,"TD Synnex is a major IT distributor, with a significant focus on data centers, cloud infrastructure, and cybersecurity, indicating its direct involvement in the cloud computing and related infrastructure space.","Cloud Computing, Data Centers, Hyperscalers & Network Infrastructure"
MSFT,core,"Microsoft's business is fundamentally centered around cloud computing services (Azure) and is heavily invested in cloud infrastructure, AI, and data centers, making it a core player in the theme.","Cloud Computing, Data Centers, Hyperscalers & Network Infrastructure"
DELL,core,"Dell Technologies has a significant Infrastructure Solutions Group and a strong focus on data centers and cloud computing, making it a core player in the investment theme.","Cloud Computing, Data Centers, Hyperscalers & Network Infrastructure"
BSY,core,"Bently Systems provides software solutions for the infrastructure lifecycle, directly aligning with the theme of Cloud Computing, Data Centers, Hyperscaleers & Network Infrastructure by enabling management of complex infrastructure projects.","Cloud Computing, Data Centers, Hyperscalers & Network Infrastructure"
PSN,core,"Parsons Corp is actively pivoting towards cloud solutions and has a strong focus on critical infrastructure, indicating a direct involvement with cloud computing and data center technologies.","Cloud Computing, Data Centers, Hyperscalers & Network Infrastructure"
TDC,core,"TeraData Corp's business is centered around providing cloud-native data platforms and services for data analytics and management, directly aligning with the cloud computing theme.","Cloud Computing, Data Centers, Hyperscalers & Network Infrastructure"
ESTC,core,"Elastic's core business is providing cloud-based search, observability, and security solutions, directly aligning with the theme of Cloud Computing, Data Centers, Hyperscaleers & Network Infrastructure.","Cloud Computing, Data Centers, Hyperscalers & Network Infrastructure"
DBX,core,"Dropbox's core business is cloud storage and file sharing, directly aligning with the cloud computing theme.","Cloud Computing, Data Centers, Hyperscalers & Network Infrastructure"
WDAY,core,"Workday's core business is providing cloud-based HCM, financial management, and student information systems software, which directly aligns with cloud computing and data center infrastructure.","Cloud Computing, Data Centers, Hyperscalers & Network Infrastructure"
FFIV,core,"F5 Networks provides application delivery and security solutions specifically designed for hybrid and multi-cloud environments, directly aligning with the cloud computing, data centers, hyperscalers, and network infrastructure theme.","Cloud Computing, Data Centers, Hyperscalers & Network Infrastructure"
IBM,core,"IBM's business is explicitly focused on cloud computing, artificial intelligence, data analytics, and hardware solutions, making it a core player in the cloud computing, data centers, hyperscalers & network infrastructure theme.","Cloud Computing, Data Centers, Hyperscalers & Network Infrastructure"
ZS,core,"ZScaler provides cloud-based security services, which is directly related to cloud computing and data protection, making it a core player in the theme.","Cloud Computing, Data Centers, Hyperscalers & Network Infrastructure"
XEL,core,"Xcel Energy's business is focused on transitioning to a 100% clean energy future with a strong emphasis on renewable energy sources and grid modernization, including nuclear power, making it a core player in the renewable energy sector.","Nuclear, Renewable Energy, Grid Storage & Power for Digital Infrastructure"
TLN,core,"Talen Energy's business is directly focused on nuclear power, renewable energy, battery storage, and digital infrastructure, aligning with the investment theme.","Nuclear, Renewable Energy, Grid Storage & Power for Digital Infrastructure"
CEG,core,"Constellation Energy has a significant nuclear power portfolio and is actively investing in renewable energy, making it a core player in the renewable energy sector.","Nuclear, Renewable Energy, Grid Storage & Power for Digital Infrastructure"
PCG,core,"PG&E's core business is generating, transmitting, and distributing energy, with a significant and growing focus on renewable energy and grid modernization, directly aligning with the investment theme.","Nuclear, Renewable Energy, Grid Storage & Power for Digital Infrastructure"
ETR,core,"Entergy operates a significant nuclear power portfolio, making it a direct player in the nuclear energy sector and a key component of a renewable energy transition strategy.","Nuclear, Renewable Energy, Grid Storage & Power for Digital Infrastructure"
DTE,core,"DTE Energy has a significant focus on renewable energy projects and is actively transitioning towards cleaner energy sources, including nuclear power, making it a core player in the renewable energy sector.","Nuclear, Renewable Energy, Grid Storage & Power for Digital Infrastructure"
AES,core,"AES Corp's business is focused on renewable energy and energy storage, with a strategic pivot towards these areas, making it a core player in the renewable energy and grid storage space.","Nuclear, Renewable Energy, Grid Storage & Power for Digital Infrastructure"
CWEN,core,"Clearway Energy's core business is focused on renewable energy generation (wind and solar) and battery storage, directly aligning with the renewable energy and grid storage aspects of the investment theme.","Nuclear, Renewable Energy, Grid Storage & Power for Digital Infrastructure"
DUK,core,"Duke Energy's business description explicitly states a strategic pivot towards renewable energy, including significant investments in wind and solar power, grid modernization, and energy transition initiatives, aligning with the renewable energy theme.","Nuclear, Renewable Energy, Grid Storage & Power for Digital Infrastructure"
D,core,"Dominion Energy is actively investing in renewable energy infrastructure, including solar and wind projects, and has a strategic focus on expanding its renewable energy portfolio, making it a core player in the renewable energy sector.","Nuclear, Renewable Energy, Grid Storage & Power for Digital Infrastructure"
ES,core,"Eversource Energy is actively transitioning towards renewable energy sources and is heavily involved in grid modernization, aligning with the core theme of renewable energy and grid infrastructure.","Nuclear, Renewable Energy, Grid Storage & Power for Digital Infrastructure"
SO,core,"Southern Company is explicitly investing in renewable energy, distributed energy resources (DERs), and microgrids, indicating a direct involvement in the renewable energy sector and grid modernization, aligning with the investment theme.","Nuclear, Renewable Energy, Grid Storage & Power for Digital Infrastructure"
PNW,core,"PNW is a major utility company with a significant focus on renewable energy, energy storage, and grid modernization, aligning with the investment theme of renewable energy, grid storage, and power for digital infrastructure.","Nuclear, Renewable Energy, Grid Storage & Power for Digital Infrastructure"
PPL,core,"PPL Corporation's business is directly focused on cleaner energy technologies and advanced grid technologies, aligning with the renewable energy transition and smart grid trends.","Nuclear, Renewable Energy, Grid Storage & Power for Digital Infrastructure"
GEV,core,"GE Vernova's primary business is renewable energy technologies and power generation, directly aligning with the investment theme of Renewable Energy.","Nuclear, Renewable Energy, Grid Storage & Power for Digital Infrastructure"
CMS,core,"CMS Energy has a significant portfolio of nuclear power generation assets and is actively investing in renewable energy and energy efficiency, aligning with the theme of renewable energy and grid storage & power for digital infrastructure.","Nuclear, Renewable Energy, Grid Storage & Power for Digital Infrastructure"
WEC,core,"WEC Energy Group's business model directly involves electricity generation and distribution, with a significant focus on renewable energy sources and infrastructure development, aligning with the renewable energy and grid storage aspects of the investment theme.","Nuclear, Renewable Energy, Grid Storage & Power for Digital Infrastructure"
BAM,core,"Brookfield Asset Management Voting has a strong focus on renewable energy, infrastructure, and sustainable solutions, with significant investment exposure in renewable energy technologies and sustainable infrastructure, making it a core player in the renewable energy and grid storage space.","Nuclear, Renewable Energy, Grid Storage & Power for Digital Infrastructure"
EIX,core,"Edison International's core business is generating, transmitting, and distributing electricity, with a growing focus on renewable energy, aligning with the renewable energy aspect of the investment theme.","Nuclear, Renewable Energy, Grid Storage & Power for Digital Infrastructure"
PEG,core,"PSEG has a significant and growing renewable energy portfolio, indicating its primary business is directly related to the renewable energy sector.","Nuclear, Renewable Energy, Grid Storage & Power for Digital Infrastructure"
MTZ,core,"MasTec has a significant presence in the renewable energy sector, particularly wind and solar farm construction, making it a direct beneficiary of the renewable energy theme.","Nuclear, Renewable Energy, Grid Storage & Power for Digital Infrastructure"
BEPC,core,"Brookfield Renewable Subordinate V focuses on renewable energy assets, including hydro, wind, and solar, aligning directly with the renewable energy theme.","Nuclear, Renewable Energy, Grid Storage & Power for Digital Infrastructure"
BWXT,core,"BWX Technologies is a diversified nuclear technology company with a primary focus on nuclear components and services, particularly nuclear steam generators, aligning directly with the nuclear energy theme.","Nuclear, Renewable Energy, Grid Storage & Power for Digital Infrastructure"
NEE,core,"NextEra Energy's primary business is generating electricity from renewable sources like wind and solar, making it a core player in the renewable energy sector.","Nuclear, Renewable Energy, Grid Storage & Power for Digital Infrastructure"
EXC,core,"Exelon is a regulated electric utility with a diverse portfolio of power generation assets, including nuclear and renewable energy, making it a direct player in the renewable energy sector and grid infrastructure.","Nuclear, Renewable Energy, Grid Storage & Power for Digital Infrastructure"
PWR,core,"Quantas Services is explicitly investing in renewable energy projects and has expertise in power transmission and distribution, aligning with the renewable energy and grid storage aspects of the investment theme.","Nuclear, Renewable Energy, Grid Storage & Power for Digital Infrastructure"
LNT,core,"Alliant Energy's core business is electricity generation, transmission, and distribution, with a significant and growing focus on renewable energy, making it directly relevant to the renewable energy theme.","Nuclear, Renewable Energy, Grid Storage & Power for Digital Infrastructure"
CNP,core,"CenterPoint Energy is a utility provider with a focus on energy infrastructure, smart grid technology, and electric vehicle infrastructure, directly aligning with the theme of renewable energy, grid storage, and power for digital infrastructure.","Nuclear, Renewable Energy, Grid Storage & Power for Digital Infrastructure"
ENPH,core,"The company's primary business is solar microinverters, battery energy storage, and EV charging solutions, directly aligning with the renewable energy theme.","Nuclear, Renewable Energy, Grid Storage & Power for Digital Infrastructure"
EVRG,core,"Eversource Energy has a diverse generation portfolio including nuclear and wind power, and is actively investing in renewable energy sources, aligning with the renewable energy theme.","Nuclear, Renewable Energy, Grid Storage & Power for Digital Infrastructure"
